branch_id,branch_name,region,month,total_transactions,total_deposits_ghs,total_withdrawals_ghs,loans_issued_ghs,loan_repayments_ghs,loan_defaults_ghs,operating_costs_ghs,num_staff,num_customers,new_accounts_opened,customer_complaints
GCB-001,Accra Main,Greater Accra,January,7531,2167758.71,1662570.46,1864645.27,1591474.61,44749.62,244294.84,28,6508,155,5
GCB-001,Accra Main,Greater Accra,February,6965,1766510.38,1405235.12,2265152.49,1869839.65,61777.5,207322.04,33,6541,85,12
GCB-001,Accra Main,Greater Accra,March,14626,3348568.42,2322849.58,2223705.79,1816187.83,70459.87,234991.31,32,6695,126,9
GCB-001,Accra Main,Greater Accra,April,11269,2661397.86,1935195.97,2184829.14,1760041.66,96791.85,208766.34,28,6483,83,7
GCB-001,Accra Main,Greater Accra,May,8875,5053596.77,3897635.03,1609227.54,1306243.23,76228.02,249353.23,43,6572,87,18
GCB-001,Accra Main,Greater Accra,June,11494,2411225.9,1708737.15,1255314.4,1118037.45,46454.46,217476.31,26,6930,158,5
GCB-001,Accra Main,Greater Accra,July,12339,4364611.86,3131448.04,1647076.43,1500814.5,80856.43,236550.06,27,6985,129,11
GCB-001,Accra Main,Greater Accra,August,15247,4787483.23,3648531.47,2079384.26,1809917.14,121873.15,279823.94,32,6833,108,5
GCB-001,Accra Main,Greater Accra,September,10705,2655532.07,1732324.29,1846802.96,1564954.57,58616.65,193617.33,42,6830,87,11
GCB-001,Accra Main,Greater Accra,October,14787,4685204.54,3471239.91,2852601.76,2504953.02,161452.66,320533.79,45,7059,112,18
GCB-001,Accra Main,Greater Accra,November,16327,3801099.27,2656122.64,2951054.83,2586619.91,163749.63,265798.9,32,6876,188,19
GCB-001,Accra Main,Greater Accra,December,13956,5591042.88,4104896.6,3050321.23,2621005.21,124786.55,260963.05,43,6859,187,13
GCB-002,Accra Kaneshie,Greater Accra,January,7533,3322846.55,2316533.76,1714570.17,1558386.5,51388.56,237453.61,25,7501,97,10
GCB-002,Accra Kaneshie,Greater Accra,February,12567,1911469.16,1325532.6,1124076.19,1024667.07,58817.08,270825.94,38,7647,90,15
GCB-002,Accra Kaneshie,Greater Accra,March,13958,2600665.54,2038619.72,2078684.48,1864357.18,116081.33,228112.81,33,7142,106,9
GCB-002,Accra Kaneshie,Greater Accra,April,12317,2049598.6,1440632.79,1609562.52,1319452.88,66577.26,253825.22,31,7634,185,15
GCB-002,Accra Kaneshie,Greater Accra,May,13187,2819812.62,1904060.58,1437528.44,1246297.25,51971.61,195135.63,28,7363,91,7
GCB-002,Accra Kaneshie,Greater Accra,June,11080,3912271.78,2960966.08,1192479.95,1096758.22,36574.84,329395.14,37,7539,152,8
GCB-002,Accra Kaneshie,Greater Accra,July,13358,4555460.91,3124746.82,1186606.56,1018979.79,70515.3,224154.35,36,7798,141,16
GCB-002,Accra Kaneshie,Greater Accra,August,11885,2864835.74,2175076.26,1735566.27,1520142.06,78692.64,269288.93,44,7408,176,13
GCB-002,Accra Kaneshie,Greater Accra,September,11993,3151929.97,2136938.47,1081550.28,941929.88,50943.8,193990.92,26,7792,98,19
GCB-002,Accra Kaneshie,Greater Accra,October,12026,4218875.69,2852613.74,2381875.48,2016039.04,136884.48,213599.14,42,7717,168,8
GCB-002,Accra Kaneshie,Greater Accra,November,18228,6187208.79,4835927.98,1819059.91,1599313.99,95844.24,278346.36,37,7923,97,7
GCB-002,Accra Kaneshie,Greater Accra,December,17525,6392554.52,4690498.64,3318327.22,2729804.81,103382.0,302518.5,42,8234,118,14
GCB-003,Accra Tema,Greater Accra,January,12150,2731495.72,2139213.25,2296578.36,2095113.78,118075.42,273658.36,45,7456,162,16
GCB-003,Accra Tema,Greater Accra,February,9045,4130119.0,3287779.48,1332665.66,1114966.28,52539.74,244721.62,43,7824,152,11
GCB-003,Accra Tema,Greater Accra,March,8290,2087093.71,1511231.28,1357645.42,1145820.5,67565.7,285426.49,27,7371,127,6
GCB-003,Accra Tema,Greater Accra,April,12856,3611076.84,2691876.84,1500923.64,1306981.04,88788.21,254099.36,32,7882,106,14
GCB-003,Accra Tema,Greater Accra,May,8488,3147842.75,2350700.38,2337848.12,2112713.6,68282.49,257883.46,27,7688,143,12
GCB-003,Accra Tema,Greater Accra,June,10639,2038760.27,1629341.69,1784697.91,1487630.02,98764.76,296067.85,28,8041,158,17
GCB-003,Accra Tema,Greater Accra,July,14115,3527181.61,2595454.97,2723810.11,2203675.56,87782.63,216650.47,33,7572,134,19
GCB-003,Accra Tema,Greater Accra,August,8582,3292671.99,2335175.22,2688426.28,2450774.83,61340.87,220966.54,45,7944,102,16
GCB-003,Accra Tema,Greater Accra,September,11713,2939290.37,2040730.46,1645101.53,1483618.98,41892.27,297119.38,30,7911,121,16
GCB-003,Accra Tema,Greater Accra,October,11584,3494015.23,2405388.54,2223027.42,1800188.27,44921.59,287194.39,36,7687,87,11
GCB-003,Accra Tema,Greater Accra,November,18992,4134695.52,2719038.95,3327881.16,2673333.57,143613.37,260697.29,33,8126,156,7
GCB-003,Accra Tema,Greater Accra,December,15322,3218467.0,2566006.92,3213440.4,2902535.4,96435.52,201755.31,44,7889,223,10
GCB-004,Accra Madina,Greater Accra,January,4667,843184.27,631558.86,393486.89,332412.91,38003.44,165782.08,23,3574,50,17
GCB-004,Accra Madina,Greater Accra,February,2594,1225949.46,766100.18,322700.17,272820.58,37810.01,93883.47,14,3656,40,24
GCB-004,Accra Madina,Greater Accra,March,6701,1498822.58,966972.72,410600.2,292401.11,38705.29,152572.85,18,3538,30,18
GCB-004,Accra Madina,Greater Accra,April,6862,905693.23,632953.49,728757.55,582298.86,60045.77,176993.5,22,3797,34,32
GCB-004,Accra Madina,Greater Accra,May,5883,1487855.56,905492.38,639622.33,462956.7,44526.14,121735.32,20,3564,76,17
GCB-004,Accra Madina,Greater Accra,June,3724,904758.3,702374.63,372782.31,261907.22,45132.44,164248.39,22,3666,54,20
GCB-004,Accra Madina,Greater Accra,July,3124,1003852.62,713591.66,626571.7,442858.12,56372.04,148083.32,24,3732,27,34
GCB-004,Accra Madina,Greater Accra,August,4071,1409898.41,887288.82,342341.25,272627.87,21266.55,144717.88,12,3903,53,17
GCB-004,Accra Madina,Greater Accra,September,5009,1082856.77,775100.08,574951.73,449521.71,77800.85,126745.23,12,3918,39,35
GCB-004,Accra Madina,Greater Accra,October,4139,849978.45,520599.08,360466.8,253312.01,24351.49,154197.08,17,3592,37,22
GCB-004,Accra Madina,Greater Accra,November,6918,1975352.86,1193486.37,946417.31,702504.95,65731.7,155760.47,16,3809,69,12
GCB-004,Accra Madina,Greater Accra,December,7906,1817629.35,1353455.1,563064.89,409131.92,67595.48,166192.66,15,3952,92,28
GCB-005,Accra Dansoman,Greater Accra,January,3885,889458.45,657980.74,428809.81,360034.55,55176.25,128609.46,15,2857,45,30
GCB-005,Accra Dansoman,Greater Accra,February,5036,616416.72,469992.8,512678.71,422431.17,43887.33,170938.28,19,2762,34,22
GCB-005,Accra Dansoman,Greater Accra,March,5513,1693204.21,1043744.58,491588.18,414167.61,66879.87,142175.85,22,2836,34,24
GCB-005,Accra Dansoman,Greater Accra,April,6207,1330866.69,931162.9,427636.74,360039.85,52387.08,100813.09,14,2925,68,18
GCB-005,Accra Dansoman,Greater Accra,May,5488,1269510.14,862601.02,832622.51,626662.72,57755.16,103692.21,14,2883,73,17
GCB-005,Accra Dansoman,Greater Accra,June,5538,670275.83,412312.95,662934.96,471290.04,83363.28,155097.42,23,2697,60,27
GCB-005,Accra Dansoman,Greater Accra,July,4138,1660945.1,1108462.84,480594.47,395010.18,65255.06,180884.98,20,2892,32,18
GCB-005,Accra Dansoman,Greater Accra,August,6411,710003.67,525322.09,635042.55,484939.64,84148.44,101407.88,23,2824,42,28
GCB-005,Accra Dansoman,Greater Accra,September,3813,1180991.05,720563.49,371290.75,266448.99,41561.11,159658.34,18,2856,78,28
GCB-005,Accra Dansoman,Greater Accra,October,6596,1671880.69,1070417.02,877933.52,616154.09,120795.14,95574.31,18,2949,50,21
GCB-005,Accra Dansoman,Greater Accra,November,3919,2084397.16,1345558.05,860696.01,612226.14,63086.64,111703.08,15,2785,36,14
GCB-005,Accra Dansoman,Greater Accra,December,5391,1761490.67,1178712.63,890712.51,745783.03,121757.01,97302.32,20,2819,63,25
GCB-006,Kumasi Adum,Ashanti,January,7366,2555933.17,1726410.13,1949642.21,1650551.9,56882.35,217231.31,26,4310,152,8
GCB-006,Kumasi Adum,Ashanti,February,10088,2878610.27,1885050.43,1325597.96,1125889.74,58473.82,219677.54,29,4245,96,10
GCB-006,Kumasi Adum,Ashanti,March,11505,4898741.01,3490332.68,2162325.24,1968367.23,50403.66,307576.33,38,4464,84,7
GCB-006,Kumasi Adum,Ashanti,April,9231,3204495.46,2472534.22,2974552.26,2433332.56,130181.96,238924.51,37,4687,106,17
GCB-006,Kumasi Adum,Ashanti,May,13193,4659465.67,3356231.64,1829639.0,1523739.55,40718.65,310695.09,44,4653,174,19
GCB-006,Kumasi Adum,Ashanti,June,9250,4774346.38,3501098.65,2334936.84,2132665.67,126053.66,223213.88,41,4524,173,13
GCB-006,Kumasi Adum,Ashanti,July,9687,4687893.52,3473383.11,1340702.76,1180628.32,59963.1,241189.63,42,4404,96,5
GCB-006,Kumasi Adum,Ashanti,August,8710,3760334.8,2879843.98,2040327.0,1840909.07,85849.36,273009.07,28,4790,136,13
GCB-006,Kumasi Adum,Ashanti,September,15474,2555776.61,1672289.11,2510274.51,2195077.28,120902.83,223243.14,45,4482,177,15
GCB-006,Kumasi Adum,Ashanti,October,16025,4099610.52,3056245.9,2109631.22,1710742.68,103489.82,275120.74,28,4663,158,14
GCB-006,Kumasi Adum,Ashanti,November,16997,3750466.35,2732366.04,2874340.49,2574192.12,110299.57,321724.22,38,4848,195,10
GCB-006,Kumasi Adum,Ashanti,December,14402,2790829.41,2073923.53,2033792.18,1678073.17,87831.34,247866.91,39,4774,122,5
GCB-007,Kumasi Asokwa,Ashanti,January,12742,2087351.87,1400245.89,1939487.07,1593920.14,65606.43,305550.38,33,7885,146,10
GCB-007,Kumasi Asokwa,Ashanti,February,7429,2156531.0,1463946.73,919476.65,754221.14,28635.83,206419.72,41,7641,68,8
GCB-007,Kumasi Asokwa,Ashanti,March,15024,3436453.68,2340053.33,1728539.72,1487252.99,82305.79,188471.76,45,8272,165,14
GCB-007,Kumasi Asokwa,Ashanti,April,10532,3619810.35,2438111.14,1754571.93,1404203.92,96031.31,196436.36,45,8174,131,11
GCB-007,Kumasi Asokwa,Ashanti,May,11110,3725284.64,2937782.8,1472233.07,1312046.23,60730.54,289860.16,29,7801,138,16
GCB-007,Kumasi Asokwa,Ashanti,June,12850,2295698.83,1728833.0,2473770.84,2201542.13,52490.66,313466.5,30,8102,178,5
GCB-007,Kumasi Asokwa,Ashanti,July,10688,2231651.97,1697418.55,1255402.34,1089282.24,67325.22,201728.06,44,8314,95,15
GCB-007,Kumasi Asokwa,Ashanti,August,15088,3198392.31,2306346.27,1710208.61,1501321.58,67011.59,276448.05,40,8546,190,5
GCB-007,Kumasi Asokwa,Ashanti,September,12775,3505857.27,2345898.98,1567551.81,1322339.49,71851.39,276543.14,28,8290,188,16
GCB-007,Kumasi Asokwa,Ashanti,October,15099,4092171.82,2805527.6,1203564.95,984929.07,35912.34,217075.06,34,8209,141,12
GCB-007,Kumasi Asokwa,Ashanti,November,13474,3266076.54,2562285.43,1392560.99,1201698.48,50711.32,342935.65,26,8207,174,12
GCB-007,Kumasi Asokwa,Ashanti,December,11054,6408421.79,4997454.37,3160972.97,2626605.24,84826.3,297687.74,43,8971,189,7
GCB-008,Kumasi Manhyia,Ashanti,January,4897,1093044.94,710912.32,647441.4,471373.96,55611.55,128289.28,23,1851,66,25
GCB-008,Kumasi Manhyia,Ashanti,February,4417,628387.83,446099.81,402201.58,316607.35,29098.89,133569.21,13,1859,52,34
GCB-008,Kumasi Manhyia,Ashanti,March,3916,1007940.83,629151.27,338024.98,286812.18,28998.59,163540.25,20,1811,66,34
GCB-008,Kumasi Manhyia,Ashanti,April,5408,1521347.07,1075919.43,582945.71,444074.13,51246.44,174699.57,14,1922,73,14
GCB-008,Kumasi Manhyia,Ashanti,May,5008,755149.92,552434.56,863004.27,627563.73,56371.18,157954.47,22,1878,58,25
GCB-008,Kumasi Manhyia,Ashanti,June,6421,1480707.21,1088453.58,717344.5,590926.81,53738.0,112324.38,20,1893,30,15
GCB-008,Kumasi Manhyia,Ashanti,July,3351,1538674.55,1031896.88,726762.89,556606.07,65521.71,133220.87,16,1835,47,26
GCB-008,Kumasi Manhyia,Ashanti,August,3624,1220110.17,783064.61,839744.74,636176.91,86900.34,173984.64,21,1899,35,23
GCB-008,Kumasi Manhyia,Ashanti,September,4743,1015369.01,742741.26,716230.56,519274.04,93317.92,136741.54,15,1924,56,27
GCB-008,Kumasi Manhyia,Ashanti,October,3480,1829581.3,1345533.66,724188.28,591506.7,51743.43,110360.38,24,1923,34,33
GCB-008,Kumasi Manhyia,Ashanti,November,5701,1842808.32,1139822.81,746266.57,564791.88,72059.51,147243.33,23,1887,44,16
GCB-008,Kumasi Manhyia,Ashanti,December,7765,1451602.58,977816.82,915755.03,642704.77,98787.45,143995.46,23,1931,67,19
GCB-009,Kumasi Suame,Ashanti,January,482,363167.18,269402.85,100729.12,59294.16,21782.41,70836.13,10,1129,14,48
GCB-009,Kumasi Suame,Ashanti,February,1810,247607.85,166464.49,45578.73,31825.85,14028.28,85738.0,12,1134,23,27
GCB-009,Kumasi Suame,Ashanti,March,2309,374023.9,217123.79,165257.67,107936.65,35752.43,94740.4,8,1156,26,34
GCB-009,Kumasi Suame,Ashanti,April,1262,266120.31,152393.16,246968.24,171053.33,40117.34,104378.55,6,1144,27,41
GCB-009,Kumasi Suame,Ashanti,May,856,323082.31,203477.41,60952.33,36997.06,17341.77,54370.69,5,1080,24,57
GCB-009,Kumasi Suame,Ashanti,June,934,399118.14,293189.01,131688.82,83193.4,40207.47,85542.98,8,1043,21,57
GCB-009,Kumasi Suame,Ashanti,July,1530,138353.79,89884.8,123082.28,86837.48,25260.29,84845.98,8,1104,20,20
GCB-009,Kumasi Suame,Ashanti,August,1936,288074.5,214646.69,141797.8,91422.98,41818.12,82064.83,6,1051,11,60
GCB-009,Kumasi Suame,Ashanti,September,2218,203447.96,128063.09,135357.78,92850.42,27462.69,78168.66,5,1094,20,34
GCB-009,Kumasi Suame,Ashanti,October,1876,314968.22,191755.47,192811.84,123341.76,45542.55,78527.28,6,1076,23,22
GCB-009,Kumasi Suame,Ashanti,November,1532,141986.56,87587.61,78120.81,52969.96,14765.95,100184.33,10,1075,6,24
GCB-009,Kumasi Suame,Ashanti,December,672,563448.66,404532.34,268078.5,166036.39,64153.88,65929.46,8,1035,14,37
GCB-010,Obuasi,Ashanti,January,5206,856056.67,601379.67,707604.85,554414.23,83260.36,162478.35,15,3658,51,27
GCB-010,Obuasi,Ashanti,February,5272,1335653.13,1032829.68,736648.96,531243.44,68148.42,119397.42,14,3350,33,33
GCB-010,Obuasi,Ashanti,March,3789,1489017.88,1120728.75,373666.13,310690.91,41639.13,153968.57,21,3645,34,28
GCB-010,Obuasi,Ashanti,April,4968,1009057.26,755298.85,517835.53,365143.55,65481.53,121793.7,19,3605,38,17
GCB-010,Obuasi,Ashanti,May,6347,1646347.88,1052859.05,884728.36,722791.06,61169.26,142047.25,24,3686,52,25
GCB-010,Obuasi,Ashanti,June,2905,760576.74,522714.05,558876.63,453390.37,64778.09,127491.8,24,3423,46,23
GCB-010,Obuasi,Ashanti,July,5871,1029771.88,642381.71,773115.91,621340.33,88641.38,166000.94,15,3540,65,13
GCB-010,Obuasi,Ashanti,August,4440,1214476.83,743371.03,543148.85,420733.82,63883.11,100986.37,13,3409,56,31
GCB-010,Obuasi,Ashanti,September,7006,934514.84,683871.63,450438.4,358082.63,44837.5,143862.04,18,3663,50,21
GCB-010,Obuasi,Ashanti,October,6664,1552545.34,1049468.63,512322.83,432294.97,38295.96,99896.67,18,3647,58,23
GCB-010,Obuasi,Ashanti,November,3853,1963901.62,1332889.84,1019169.85,823723.58,110918.67,178946.36,19,3520,63,33
GCB-010,Obuasi,Ashanti,December,4607,934518.68,642085.25,554336.08,432923.41,40444.98,169383.9,12,3688,88,31
GCB-011,Takoradi Main,Western,January,12003,2552321.92,1954151.67,1031217.03,834271.63,50661.17,249368.78,45,6801,102,8
GCB-011,Takoradi Main,Western,February,10384,2346951.79,1813877.71,2209006.99,1951356.32,68226.96,264733.35,26,6635,104,17
GCB-011,Takoradi Main,Western,March,12283,4964477.1,3815210.75,2381120.46,2053849.93,55880.63,319170.21,35,6958,174,8
GCB-011,Takoradi Main,Western,April,10964,4379758.12,3322552.39,2274463.16,2087204.82,127675.97,277025.88,32,6968,184,11
GCB-011,Takoradi Main,Western,May,14094,2186065.41,1652307.54,2850496.63,2342164.83,121766.97,318029.75,31,6568,196,19
GCB-011,Takoradi Main,Western,June,11703,2466436.25,1645833.93,1696043.29,1518706.73,84467.33,195190.91,29,6911,126,18
GCB-011,Takoradi Main,Western,July,11146,3792658.3,2835107.28,1591042.94,1379881.73,62436.46,318486.96,30,7017,155,13
GCB-011,Takoradi Main,Western,August,12965,3393409.9,2497088.74,2607953.96,2254858.32,121181.73,299164.6,39,7064,188,12
GCB-011,Takoradi Main,Western,September,14411,4926315.89,3510620.36,1923885.7,1767744.98,38495.99,219148.04,27,7020,175,19
GCB-011,Takoradi Main,Western,October,12660,2369215.53,1543361.05,1105367.67,896038.9,23769.68,264965.58,42,7214,187,8
GCB-011,Takoradi Main,Western,November,12003,4140541.35,2748304.61,2007289.11,1731692.94,98941.03,194905.97,26,7186,238,5
GCB-011,Takoradi Main,Western,December,13099,3771779.65,2583824.32,1301023.66,1043609.46,77422.48,260998.4,27,7179,200,12
GCB-012,Sekondi,Western,January,3368,732618.97,564844.11,656035.96,468023.7,61278.0,169120.65,18,2277,34,25
GCB-012,Sekondi,Western,February,3479,1137950.98,716984.35,760496.0,558775.01,102985.26,148765.13,19,2208,62,16
GCB-012,Sekondi,Western,March,4406,880310.99,556158.52,432291.73,314693.57,52898.14,121997.32,18,2092,76,11
GCB-012,Sekondi,Western,April,3748,1670506.32,1281270.68,896944.69,651257.45,82249.26,159190.91,14,2237,53,22
GCB-012,Sekondi,Western,May,3026,1591631.75,1019279.86,434290.57,338983.84,46658.09,143345.42,12,2108,70,22
GCB-012,Sekondi,Western,June,3671,853674.67,532106.25,766588.94,646501.04,98867.14,164485.01,16,2237,31,35
GCB-012,Sekondi,Western,July,4113,655809.78,441702.04,481724.06,355976.29,56782.55,136244.36,24,2114,70,24
GCB-012,Sekondi,Western,August,6104,1696803.18,1320902.84,336910.22,280456.18,34124.4,173988.44,16,2227,69,23
GCB-012,Sekondi,Western,September,4967,1272575.24,961568.95,740345.95,576129.11,95839.9,113868.91,23,2139,77,33
GCB-012,Sekondi,Western,October,4788,1018825.25,655068.17,858054.21,614259.66,99465.01,108956.48,24,2304,74,27
GCB-012,Sekondi,Western,November,4681,1418082.35,1075236.65,363704.52,299325.92,28474.43,175218.78,22,2113,37,32
GCB-012,Sekondi,Western,December,8326,1849365.78,1195733.15,499055.66,355634.42,42976.02,143474.48,19,2143,75,14
GCB-013,Tarkwa,Western,January,3144,519253.85,388070.75,320508.85,237978.28,19703.03,128901.67,16,2354,48,16
GCB-013,Tarkwa,Western,February,3041,694473.44,510900.35,657291.56,477235.1,79971.57,175607.32,12,2205,34,28
GCB-013,Tarkwa,Western,March,3932,1456087.55,997774.24,334752.28,238077.21,42912.96,179829.81,23,2326,41,27
GCB-013,Tarkwa,Western,April,6787,1385350.9,979430.97,530167.36,376336.08,66653.19,124205.81,12,2363,40,33
GCB-013,Tarkwa,Western,May,3597,606045.26,380965.44,581123.65,489100.13,39618.39,168213.91,17,2301,58,11
GCB-013,Tarkwa,Western,June,4835,890219.43,668724.37,702598.17,516064.01,49537.96,169806.14,12,2406,52,28
GCB-013,Tarkwa,Western,July,3712,1612877.0,1089580.54,628466.32,477407.63,51494.78,180700.68,19,2283,61,26
GCB-013,Tarkwa,Western,August,6690,1515934.48,964232.33,820873.69,662640.93,86208.17,134292.05,20,2318,75,15
GCB-013,Tarkwa,Western,September,4047,1668625.37,1234428.08,762553.11,630415.99,92178.88,148701.59,12,2228,53,26
GCB-013,Tarkwa,Western,October,7023,1792711.76,1135472.43,577258.37,404187.52,62266.66,147261.42,13,2259,38,15
GCB-013,Tarkwa,Western,November,5754,1065673.36,670253.75,829094.02,620899.24,88896.39,131572.05,13,2435,55,29
GCB-013,Tarkwa,Western,December,3766,1419580.46,1025621.6,644792.46,545626.59,75924.96,152409.38,13,2386,80,31
GCB-014,Axim,Western,January,1655,82143.92,53073.3,60338.13,35668.74,19163.35,62837.25,11,780,22,27
GCB-014,Axim,Western,February,500,317504.87,210165.91,44161.04,26739.44,10297.83,59593.33,8,766,4,57
GCB-014,Axim,Western,March,1079,112098.95,70553.36,76543.15,49483.76,20215.33,98240.01,5,751,27,59
GCB-014,Axim,Western,April,915,122431.47,82921.13,191295.15,106239.52,59018.04,57164.12,6,774,22,46
GCB-014,Axim,Western,May,1195,438674.12,303921.06,210345.62,127828.41,60299.47,58455.82,10,798,8,36
GCB-014,Axim,Western,June,1724,381615.78,244411.04,164418.3,105143.6,44670.17,58299.86,8,731,24,40
GCB-014,Axim,Western,July,1838,132002.11,95616.61,86335.37,61807.24,17322.44,63456.09,8,784,24,36
GCB-014,Axim,Western,August,764,281143.42,185856.24,193840.36,114140.44,61901.0,105572.44,11,770,14,28
GCB-014,Axim,Western,September,1213,353993.59,199808.03,56130.5,33330.63,12532.38,99466.83,9,773,28,49
GCB-014,Axim,Western,October,870,331694.3,231214.17,203544.78,129418.58,48401.75,80272.06,10,759,25,24
GCB-014,Axim,Western,November,1572,327629.9,237428.36,276168.45,171691.87,52424.78,84076.1,5,780,19,49
GCB-014,Axim,Western,December,2484,391936.25,265071.21,235947.13,135048.23,63434.03,100376.93,6,722,19,24
GCB-015,Koforidua,Eastern,January,2996,1500823.0,949384.39,690736.4,534520.62,55105.9,168367.49,15,3681,57,26
GCB-015,Koforidua,Eastern,February,4265,1188245.45,733322.2,587582.86,438819.93,54012.78,167553.2,16,3527,25,14
GCB-015,Koforidua,Eastern,March,4464,1323730.6,888751.08,442216.71,325118.21,57796.3,130301.32,17,3653,58,12
GCB-015,Koforidua,Eastern,April,4829,1411688.09,884050.16,569660.3,448996.37,77409.24,113403.87,15,3671,57,21
GCB-015,Koforidua,Eastern,May,6241,1337258.96,888223.14,620107.16,506794.08,72199.6,131214.56,16,3867,35,15
GCB-015,Koforidua,Eastern,June,3362,1159536.61,702857.52,820654.53,589595.65,64413.56,95599.24,19,3791,58,27
GCB-015,Koforidua,Eastern,July,2976,759740.3,467954.44,333026.54,262325.21,38316.91,127273.28,23,3738,66,19
GCB-015,Koforidua,Eastern,August,3168,1766564.58,1263167.14,820750.98,630509.91,83099.13,135872.14,21,3816,49,35
GCB-015,Koforidua,Eastern,September,5281,646143.8,423500.34,722808.46,527851.13,82309.52,180128.76,22,3608,37,26
GCB-015,Koforidua,Eastern,October,5818,1152885.27,871887.48,406289.87,326613.95,51618.81,178165.55,12,3837,79,31
GCB-015,Koforidua,Eastern,November,7608,1954792.42,1477099.0,913333.94,654829.81,112925.37,176134.62,20,3814,72,19
GCB-015,Koforidua,Eastern,December,6130,1952682.25,1406038.37,775573.37,583453.03,56417.53,147623.66,22,3714,74,13
GCB-016,Nkawkaw,Eastern,January,1873,422621.29,296040.11,57881.89,34675.68,9240.25,90778.14,9,590,6,27
GCB-016,Nkawkaw,Eastern,February,1809,223529.82,163238.27,191741.5,115797.15,56832.59,75359.33,6,561,9,55
GCB-016,Nkawkaw,Eastern,March,2107,216176.75,146144.51,171966.36,111053.23,35850.78,84486.14,7,575,21,37
GCB-016,Nkawkaw,Eastern,April,780,173347.8,97878.96,170689.72,113269.05,42929.87,79526.27,9,561,12,58
GCB-016,Nkawkaw,Eastern,May,1293,428837.33,314272.28,212753.26,120953.66,35491.19,82620.88,8,551,8,41
GCB-016,Nkawkaw,Eastern,June,1155,221463.11,146139.71,183425.13,123194.45,42888.86,98227.01,8,559,18,60
GCB-016,Nkawkaw,Eastern,July,2099,98715.27,73141.3,166463.53,102310.59,29212.31,79402.56,9,544,16,52
GCB-016,Nkawkaw,Eastern,August,2348,329787.68,215884.6,184019.21,130291.67,43392.99,84516.63,12,535,22,36
GCB-016,Nkawkaw,Eastern,September,484,188278.01,119125.35,74377.22,43197.95,19531.55,62899.78,5,558,11,25
GCB-016,Nkawkaw,Eastern,October,1405,120392.33,79875.79,101312.56,72306.53,23001.82,95753.72,11,557,28,37
GCB-016,Nkawkaw,Eastern,November,2543,398503.96,295004.78,204386.84,140876.1,61143.79,64842.61,5,536,16,20
GCB-016,Nkawkaw,Eastern,December,1701,289819.38,208082.28,276005.55,168385.92,50408.74,93620.03,10,537,27,28
GCB-017,Akosombo,Eastern,January,1814,219274.56,149876.35,58741.0,38537.39,13000.45,87263.47,7,808,5,48
GCB-017,Akosombo,Eastern,February,1380,374514.48,222217.4,58771.47,32560.49,15019.34,88036.61,11,836,11,55
GCB-017,Akosombo,Eastern,March,1456,242227.07,162024.54,149353.37,107224.3,24577.46,92487.09,5,821,26,27
GCB-017,Akosombo,Eastern,April,1122,376814.37,259431.88,248251.2,141956.75,39407.33,93700.57,6,832,11,29
GCB-017,Akosombo,Eastern,May,1102,111542.44,63259.25,228838.17,133325.11,45357.3,66386.64,5,810,8,43
GCB-017,Akosombo,Eastern,June,2077,268681.41,151408.02,193265.6,113974.73,45843.01,101336.26,7,831,23,47
GCB-017,Akosombo,Eastern,July,2096,194148.42,119711.99,169185.6,121645.07,43841.24,83621.81,7,834,22,22
GCB-017,Akosombo,Eastern,August,1736,314733.12,178690.82,242333.15,159441.45,66852.64,62573.75,9,805,29,43
GCB-017,Akosombo,Eastern,September,536,384865.76,238429.84,182982.34,125384.35,56155.82,65732.34,5,801,12,42
GCB-017,Akosombo,Eastern,October,1088,478956.72,352224.86,157991.43,109511.07,36934.04,86082.51,8,772,11,35
GCB-017,Akosombo,Eastern,November,1496,153952.89,110109.19,247686.74,166070.64,36288.3,68805.18,6,783,7,42
GCB-017,Akosombo,Eastern,December,986,134004.38,98813.7,192912.54,116121.61,40792.64,76093.91,11,807,32,59
GCB-018,Cape Coast Main,Central,January,2771,1447779.81,998176.75,761000.59,629890.65,58354.17,173753.57,15,2051,39,15
GCB-018,Cape Coast Main,Central,February,3791,900032.23,682256.27,697708.91,572741.44,85959.44,117655.96,24,2047,42,35
GCB-018,Cape Coast Main,Central,March,6772,811462.34,588384.2,507659.84,429653.61,56491.25,164679.34,14,2062,62,23
GCB-018,Cape Coast Main,Central,April,3181,1335611.0,834831.19,838956.98,691636.02,71649.04,176806.29,12,2215,42,15
GCB-018,Cape Coast Main,Central,May,6237,752083.21,515990.85,603664.53,443622.62,40081.65,161184.37,23,2068,57,20
GCB-018,Cape Coast Main,Central,June,6247,1601698.29,1213605.09,429319.45,355355.13,25770.59,92507.82,24,2176,47,23
GCB-018,Cape Coast Main,Central,July,5133,990396.6,694861.66,381863.92,279434.0,37715.98,159777.41,24,2184,40,31
GCB-018,Cape Coast Main,Central,August,3504,1132034.28,713996.27,344777.89,281822.97,28006.65,107482.96,23,2204,62,35
GCB-018,Cape Coast Main,Central,September,6432,1381584.79,885873.59,439587.32,322270.43,32485.59,151399.37,15,2242,79,18
GCB-018,Cape Coast Main,Central,October,6244,1578421.58,1062062.61,692445.48,521505.23,70657.39,135747.38,14,2101,51,35
GCB-018,Cape Coast Main,Central,November,8220,750602.72,506587.57,706567.79,496631.55,57080.12,161594.61,23,2096,81,13
GCB-018,Cape Coast Main,Central,December,4782,1052548.29,633825.36,533665.05,451683.99,66240.09,180241.86,18,2177,76,11
GCB-019,Winneba,Central,January,846,263621.54,168948.58,186040.7,105424.43,42395.59,63252.68,8,1240,18,32
GCB-019,Winneba,Central,February,1052,355985.22,239512.65,188626.09,116327.02,58873.97,62073.68,12,1207,23,42
GCB-019,Winneba,Central,March,884,472181.17,336087.55,65283.37,39006.32,20071.86,68366.87,9,1288,15,34
GCB-019,Winneba,Central,April,1242,352645.5,257086.87,177333.94,116041.78,26954.29,82510.29,8,1204,16,21
GCB-019,Winneba,Central,May,932,261915.9,146559.28,57604.37,38989.82,14898.01,97531.31,8,1193,21,45
GCB-019,Winneba,Central,June,1954,264712.74,166112.29,130998.24,94131.41,41229.73,104690.8,10,1272,21,37
GCB-019,Winneba,Central,July,1808,227259.05,149973.52,198818.34,111672.52,43019.01,58114.92,6,1234,19,37
GCB-019,Winneba,Central,August,1697,397201.65,236560.78,245198.17,162676.62,34787.98,67114.4,10,1198,13,52
GCB-019,Winneba,Central,September,646,467667.07,301949.74,229162.92,138592.38,37248.61,78493.65,11,1175,17,54
GCB-019,Winneba,Central,October,2136,449729.92,294192.46,173299.95,99929.7,25626.28,58895.04,10,1229,13,21
GCB-019,Winneba,Central,November,2520,274080.4,180898.1,153276.67,88567.28,29012.58,101815.17,6,1233,27,36
GCB-019,Winneba,Central,December,1359,97902.34,73278.24,221149.18,133546.86,65961.8,66168.33,7,1212,30,57
GCB-020,Kasoa,Central,January,5497,735484.64,570818.09,636577.87,498868.24,47391.67,94847.24,12,2540,43,13
GCB-020,Kasoa,Central,February,2754,786287.36,548136.74,626253.06,448517.15,71908.78,98464.92,21,2712,37,23
GCB-020,Kasoa,Central,March,4447,1615279.01,1182229.62,625342.32,493115.03,62952.49,117246.48,17,2614,58,33
GCB-020,Kasoa,Central,April,4077,1657875.42,1184605.78,756672.92,547839.32,73340.22,91384.88,24,2536,34,20
GCB-020,Kasoa,Central,May,3542,1804493.32,1114909.91,540896.59,443540.96,41282.77,141077.31,18,2668,68,29
GCB-020,Kasoa,Central,June,4417,767175.1,509380.65,708653.07,554970.3,42815.66,160074.06,20,2491,42,13
GCB-020,Kasoa,Central,July,4652,784845.0,606256.05,479103.29,358867.4,34452.82,118914.43,18,2716,60,28
GCB-020,Kasoa,Central,August,3748,1056559.04,719252.48,733242.56,610739.26,78782.18,126990.64,15,2600,69,18
GCB-020,Kasoa,Central,September,3931,613523.71,436538.12,513295.81,420455.79,34616.29,145225.22,12,2623,43,32
GCB-020,Kasoa,Central,October,6704,690025.15,486051.7,636890.75,499385.41,68961.9,153597.99,18,2713,60,10
GCB-020,Kasoa,Central,November,7661,1946232.57,1342289.4,415481.96,294486.4,36038.52,163853.54,20,2693,72,35
GCB-020,Kasoa,Central,December,4742,1497094.52,1016880.22,466165.82,349264.91,44155.95,100129.47,20,2570,68,31
GCB-021,Ho Main,Volta,January,4938,1291920.29,945751.35,407716.19,296010.93,45258.23,134654.97,17,2232,37,23
GCB-021,Ho Main,Volta,February,4031,1523990.86,1119370.56,632393.06,532820.82,48210.43,141181.3,13,2422,27,31
GCB-021,Ho Main,Volta,March,3987,1446063.56,1020119.5,651887.46,524541.63,87593.7,161074.1,17,2213,64,29
GCB-021,Ho Main,Volta,April,6411,875873.49,584947.34,577039.69,445553.06,54711.69,175407.97,17,2368,55,31
GCB-021,Ho Main,Volta,May,6381,665088.92,507266.25,845634.12,690910.1,51213.58,95916.46,13,2261,73,33
GCB-021,Ho Main,Volta,June,2961,1002238.13,767786.72,536577.36,376682.88,44331.84,94953.68,16,2222,33,26
GCB-021,Ho Main,Volta,July,2943,866551.33,642706.21,814108.73,615206.55,76779.37,168023.42,16,2280,34,31
GCB-021,Ho Main,Volta,August,4903,1646439.45,1001644.54,671819.66,526907.44,58900.87,120024.2,18,2402,35,20
GCB-021,Ho Main,Volta,September,5776,898287.43,657403.37,628992.35,452370.19,82128.07,127416.87,18,2420,43,32
GCB-021,Ho Main,Volta,October,4414,1214858.15,943117.65,386979.04,312978.34,29137.69,122611.67,16,2303,50,27
GCB-021,Ho Main,Volta,November,4140,2155252.75,1364151.67,375865.32,303699.63,35120.55,99955.53,14,2396,74,16
GCB-021,Ho Main,Volta,December,4405,2178847.0,1396496.49,650864.07,508573.38,80274.97,142462.18,18,2384,90,31
GCB-022,Hohoe,Volta,January,592,370349.99,235441.16,66463.14,44059.21,11890.01,60365.94,7,1114,19,59
GCB-022,Hohoe,Volta,February,961,334152.31,203203.87,176284.92,100311.25,35975.38,108358.23,9,1103,17,45
GCB-022,Hohoe,Volta,March,1447,220924.89,160043.99,158969.55,107929.55,43834.17,55539.12,5,1027,19,39
GCB-022,Hohoe,Volta,April,2222,146105.76,87823.98,239327.59,154421.58,65846.51,84660.67,9,1068,28,33
GCB-022,Hohoe,Volta,May,1748,220749.12,133881.29,128145.67,87871.86,26519.47,78565.83,11,1047,15,57
GCB-022,Hohoe,Volta,June,2198,239149.68,140888.3,80357.09,45481.0,16408.98,94728.27,10,1030,11,49
GCB-022,Hohoe,Volta,July,957,314203.18,185118.51,211040.26,134734.94,46548.84,83623.79,12,1015,18,48
GCB-022,Hohoe,Volta,August,861,225992.24,164847.16,83770.84,53294.9,20746.71,55244.69,8,1031,20,52
GCB-022,Hohoe,Volta,September,2073,204759.14,145321.38,243551.18,169430.9,39254.58,92623.24,12,1022,5,30
GCB-022,Hohoe,Volta,October,1035,273632.15,157198.05,195037.11,117980.27,62309.3,104968.07,6,1053,9,38
GCB-022,Hohoe,Volta,November,2373,137171.87,76250.12,257510.03,150812.81,53620.0,104198.55,10,1016,15,25
GCB-022,Hohoe,Volta,December,2173,534190.65,305637.01,242299.78,173964.25,73231.06,86844.7,8,1009,33,39
GCB-023,Keta,Volta,January,1486,360474.07,261691.34,131823.94,77978.84,21135.3,59794.87,8,776,5,29
GCB-023,Keta,Volta,February,1875,389648.62,271949.12,75014.27,49085.0,16382.44,86401.74,5,774,13,22
GCB-023,Keta,Volta,March,2156,430894.72,258879.38,56223.12,37988.84,8947.45,71742.01,8,716,19,50
GCB-023,Keta,Volta,April,2428,148393.1,101064.08,248348.52,139659.8,38214.39,72836.25,6,778,19,49
GCB-023,Keta,Volta,May,2291,227656.95,128330.47,202631.06,125512.13,56060.88,103023.26,11,727,13,60
GCB-023,Keta,Volta,June,2154,94505.2,68967.01,165741.41,115790.02,23209.42,63013.47,8,736,16,44
GCB-023,Keta,Volta,July,941,157339.61,98545.32,69708.16,43230.87,19826.66,79396.48,12,706,11,45
GCB-023,Keta,Volta,August,1317,88853.93,66040.57,75490.79,50602.01,23787.13,97620.05,8,753,24,29
GCB-023,Keta,Volta,September,650,468880.18,326028.42,110950.22,76666.28,21155.3,99705.41,5,707,10,26
GCB-023,Keta,Volta,October,1889,296038.0,168536.47,98378.77,54315.77,22074.05,68993.08,11,739,7,34
GCB-023,Keta,Volta,November,1728,237272.86,165767.99,71554.28,50337.87,20994.56,88060.09,7,736,15,53
GCB-023,Keta,Volta,December,2472,181072.53,102449.72,117482.44,80484.67,17180.71,83223.98,12,762,26,23
GCB-024,Tamale Main,Northern,January,3818,1041874.6,637059.81,679000.49,536306.35,46983.19,98447.16,15,3937,28,13
GCB-024,Tamale Main,Northern,February,3456,1358584.28,1030100.61,546603.9,425048.46,51618.1,118762.24,19,3765,64,14
GCB-024,Tamale Main,Northern,March,3540,1327597.35,1009842.49,566028.01,447764.06,62548.7,143825.76,24,3875,33,24
GCB-024,Tamale Main,Northern,April,4875,1222125.55,756202.97,530706.8,410315.99,59533.6,176601.08,22,3844,70,26
GCB-024,Tamale Main,Northern,May,4830,930132.74,626216.47,834888.01,584787.42,52749.29,145521.38,20,3968,48,29
GCB-024,Tamale Main,Northern,June,5994,1081189.36,736380.51,537080.18,426107.57,52408.02,131574.85,17,3811,71,34
GCB-024,Tamale Main,Northern,July,5306,1158594.54,873284.24,303322.26,250240.12,38677.83,117029.42,19,3814,71,29
GCB-024,Tamale Main,Northern,August,3754,1232214.09,804423.85,859052.23,652495.06,57528.51,147573.49,23,3687,68,26
GCB-024,Tamale Main,Northern,September,3232,1675452.1,1154115.72,721355.26,612374.73,50869.35,116561.45,18,3803,73,27
GCB-024,Tamale Main,Northern,October,3072,1112903.35,849557.01,728419.59,576315.22,61733.43,167095.68,19,4026,34,15
GCB-024,Tamale Main,Northern,November,4307,2001798.88,1201837.39,876651.93,722745.28,55443.59,171812.67,23,3764,39,25
GCB-024,Tamale Main,Northern,December,4892,1913706.27,1376489.9,426445.05,336656.29,44336.08,174791.55,19,3829,52,18
GCB-025,Tamale Central,Northern,January,459,404196.08,276354.73,157873.89,96544.05,38972.58,55557.22,9,816,22,53
GCB-025,Tamale Central,Northern,February,1026,285541.97,206943.61,165575.42,94459.94,50076.89,58419.79,12,805,10,60
GCB-025,Tamale Central,Northern,March,750,84237.44,53440.81,109008.14,68960.74,26586.65,56946.4,8,769,21,37
GCB-025,Tamale Central,Northern,April,1630,221440.72,154086.14,180458.33,125193.46,47758.06,77702.45,12,810,27,24
GCB-025,Tamale Central,Northern,May,562,205313.24,145320.1,139283.9,95510.4,40118.78,100531.27,9,826,27,35
GCB-025,Tamale Central,Northern,June,774,409014.31,225964.84,114089.63,63281.12,24042.72,82241.3,9,790,8,41
GCB-025,Tamale Central,Northern,July,454,125609.62,91446.24,109641.45,63181.78,15852.03,88347.75,10,797,13,54
GCB-025,Tamale Central,Northern,August,1463,107035.66,67638.59,112243.5,74654.33,27953.15,72951.18,6,761,16,28
GCB-025,Tamale Central,Northern,September,1944,262018.9,180178.57,78110.59,49408.87,11322.65,80150.43,7,816,8,34
GCB-025,Tamale Central,Northern,October,2110,92908.71,51675.0,127597.35,73649.73,18399.97,93114.45,11,773,14,29
GCB-025,Tamale Central,Northern,November,1133,496398.76,309792.24,149952.86,94557.44,32981.08,105328.5,8,777,20,24
GCB-025,Tamale Central,Northern,December,640,554874.14,348403.46,152522.86,92713.43,36217.07,60684.95,11,774,7,46
GCB-026,Yendi,Northern,January,734,339998.95,243687.44,117375.03,70588.95,21911.6,65704.31,12,933,15,46
GCB-026,Yendi,Northern,February,746,163820.51,121765.08,137310.5,83627.19,33570.24,62405.2,5,967,16,33
GCB-026,Yendi,Northern,March,1354,283054.39,178424.97,248769.68,174052.58,62742.97,85625.23,11,980,9,44
GCB-026,Yendi,Northern,April,1480,243006.36,135571.28,145109.21,93205.7,26264.03,106725.33,5,1004,15,56
GCB-026,Yendi,Northern,May,2307,299158.03,216588.57,76130.47,52102.68,12368.75,97102.68,11,939,18,50
GCB-026,Yendi,Northern,June,1367,429610.31,249070.53,131132.31,93991.42,29768.78,100445.21,5,965,7,42
GCB-026,Yendi,Northern,July,1459,268861.08,178131.85,127185.16,83049.16,38838.82,73126.55,9,975,23,44
GCB-026,Yendi,Northern,August,1431,263908.98,168556.33,170423.4,110867.09,48602.38,78932.8,11,996,12,54
GCB-026,Yendi,Northern,September,595,78727.92,53380.65,109686.98,64810.2,21514.21,66871.97,8,901,19,51
GCB-026,Yendi,Northern,October,1944,166495.43,116015.01,202519.28,143378.34,29466.33,99256.0,8,944,25,37
GCB-026,Yendi,Northern,November,2878,488810.97,301440.66,235932.29,150963.23,66724.23,105100.83,11,909,25,51
GCB-026,Yendi,Northern,December,2307,233730.7,129221.07,237088.68,164019.04,64792.95,60091.07,5,957,10,44
GCB-027,Bolgatanga,Upper East,January,583,303098.96,213146.22,186306.64,121902.8,29054.31,81819.53,11,946,6,30
GCB-027,Bolgatanga,Upper East,February,772,76438.96,46721.59,135852.16,89316.72,33129.9,93003.09,12,935,19,28
GCB-027,Bolgatanga,Upper East,March,1632,441396.93,302952.66,72586.33,50313.41,13326.97,80653.86,5,945,17,45
GCB-027,Bolgatanga,Upper East,April,674,201573.74,120234.07,106200.9,72916.7,32631.4,76353.28,5,1015,11,25
GCB-027,Bolgatanga,Upper East,May,2054,426797.12,281599.07,93854.79,52157.34,16765.57,76640.49,11,997,21,28
GCB-027,Bolgatanga,Upper East,June,614,262631.81,168050.2,153799.12,100925.02,23518.91,90693.07,12,943,16,31
GCB-027,Bolgatanga,Upper East,July,1356,186176.08,113193.94,149645.16,85356.42,45645.14,92364.77,5,954,16,36
GCB-027,Bolgatanga,Upper East,August,1762,132394.09,89486.69,60866.41,41222.97,12000.76,53467.2,11,961,22,40
GCB-027,Bolgatanga,Upper East,September,1567,318727.57,232398.72,166653.3,104889.01,33541.77,103309.48,8,916,15,49
GCB-027,Bolgatanga,Upper East,October,1091,222971.51,134692.33,218542.38,131839.87,61630.67,100307.06,10,946,21,41
GCB-027,Bolgatanga,Upper East,November,802,274721.57,204067.49,81429.49,54296.64,18638.11,73267.86,11,961,33,37
GCB-027,Bolgatanga,Upper East,December,1663,93878.33,54767.74,231131.05,153305.88,72549.39,92595.37,11,987,22,36
GCB-028,Navrongo,Upper East,January,1098,174404.64,99597.78,175410.06,115683.88,26078.82,74802.78,12,488,11,21
GCB-028,Navrongo,Upper East,February,1589,230473.16,136388.61,105180.22,64461.62,15716.44,96827.35,5,461,14,42
GCB-028,Navrongo,Upper East,March,1610,433648.99,256893.15,181470.7,114378.79,54155.98,66330.81,8,471,17,24
GCB-028,Navrongo,Upper East,April,2244,201578.3,116375.22,180327.95,121822.63,35490.87,89380.2,5,456,12,21
GCB-028,Navrongo,Upper East,May,1299,161051.69,117252.56,107481.92,65835.21,16171.36,60155.04,8,460,16,32
GCB-028,Navrongo,Upper East,June,2107,388500.97,214817.21,115753.3,70302.62,16608.16,60603.46,5,453,26,59
GCB-028,Navrongo,Upper East,July,795,224301.94,147184.14,155504.23,85789.67,34760.97,105400.64,7,456,9,35
GCB-028,Navrongo,Upper East,August,2290,205075.3,144536.72,204584.3,130651.69,64583.68,60171.91,7,431,19,50
GCB-028,Navrongo,Upper East,September,2184,226945.79,133069.17,137101.53,83146.17,27629.34,92585.77,6,439,29,56
GCB-028,Navrongo,Upper East,October,2083,308164.62,204503.74,182601.47,117453.82,54463.8,88839.26,8,452,12,49
GCB-028,Navrongo,Upper East,November,834,385437.95,234434.48,109702.78,63177.36,33119.48,90295.15,9,467,7,43
GCB-028,Navrongo,Upper East,December,1045,319871.91,179749.88,221194.15,143549.58,70392.3,65154.97,7,447,28,58
GCB-029,Wa Main,Upper West,January,793,298119.05,197431.94,174577.76,102101.25,47242.99,89085.4,7,555,24,39
GCB-029,Wa Main,Upper West,February,1622,179785.46,108814.69,209381.07,133927.48,63475.08,63757.4,6,539,4,57
GCB-029,Wa Main,Upper West,March,1559,474082.76,292730.95,194996.23,125109.23,29427.51,92206.39,5,539,22,39
GCB-029,Wa Main,Upper West,April,497,285404.77,170115.57,58912.76,36564.74,11449.4,95697.54,11,519,25,45
GCB-029,Wa Main,Upper West,May,2047,110228.14,66681.5,211393.1,132785.1,50392.71,77544.0,8,501,10,24
GCB-029,Wa Main,Upper West,June,1456,254395.47,185590.38,170080.21,97505.26,54272.02,82317.84,8,517,14,26
GCB-029,Wa Main,Upper West,July,1890,112900.14,76468.14,137675.42,85239.61,42891.9,81729.93,9,506,8,58
GCB-029,Wa Main,Upper West,August,2064,453090.71,265157.33,92791.41,51240.81,13227.81,97799.28,6,531,6,56
GCB-029,Wa Main,Upper West,September,1738,467792.73,306073.01,245461.58,166605.26,41507.76,78630.16,5,528,19,42
GCB-029,Wa Main,Upper West,October,2052,336492.28,229931.94,82539.95,53326.13,23019.8,79471.45,11,489,14,43
GCB-029,Wa Main,Upper West,November,2385,264905.08,194768.5,114882.43,75574.47,20675.81,69784.18,6,530,14,52
GCB-029,Wa Main,Upper West,December,1655,137741.66,87567.94,67000.74,42327.81,17369.15,58810.87,10,499,33,20
GCB-030,Wa Central,Upper West,January,1504,396272.58,296669.86,50134.92,34060.23,10373.43,76585.2,12,1189,5,26
GCB-030,Wa Central,Upper West,February,1806,405851.58,270063.59,103210.6,70584.01,19112.56,85679.98,11,1139,6,43
GCB-030,Wa Central,Upper West,March,1448,179519.8,105614.84,233647.82,132549.96,53989.57,66609.73,12,1097,5,29
GCB-030,Wa Central,Upper West,April,1900,140527.91,96389.5,94978.04,59203.11,25591.72,84951.06,11,1137,16,31
GCB-030,Wa Central,Upper West,May,768,425734.54,246399.34,136020.58,95709.36,39752.41,75818.97,9,1171,27,59
GCB-030,Wa Central,Upper West,June,1237,408724.78,269309.23,83620.8,49620.8,16157.63,85905.95,12,1083,16,49
GCB-030,Wa Central,Upper West,July,1820,209241.2,127438.01,207827.37,130557.24,32651.66,98059.77,11,1080,7,57
GCB-030,Wa Central,Upper West,August,1451,393699.48,244298.61,214957.57,137070.3,48019.99,55887.26,9,1103,17,40
GCB-030,Wa Central,Upper West,September,1045,236739.95,156092.14,156404.34,101721.2,23623.24,72522.26,8,1147,12,25
GCB-030,Wa Central,Upper West,October,857,159544.81,88071.63,137496.39,96256.39,20534.01,63153.11,9,1097,23,48
GCB-030,Wa Central,Upper West,November,2343,402125.13,254621.12,242176.55,158295.62,72964.73,95991.81,8,1086,27,49
GCB-030,Wa Central,Upper West,December,808,152175.76,93952.24,299890.54,185625.56,53886.71,92671.35,11,1113,14,41
GCB-031,Sunyani Main,Brong-Ahafo,January,4930,898303.47,605999.61,639453.15,449599.96,52129.23,136583.67,19,1579,51,20
GCB-031,Sunyani Main,Brong-Ahafo,February,2562,1003507.84,667440.94,739096.4,587451.5,52028.92,140689.07,14,1665,45,25
GCB-031,Sunyani Main,Brong-Ahafo,March,5632,1047309.47,804256.67,796503.79,640852.14,93307.34,132080.67,15,1691,52,21
GCB-031,Sunyani Main,Brong-Ahafo,April,4427,1483625.94,1120292.42,464442.95,381335.82,35120.83,121807.26,24,1599,32,18
GCB-031,Sunyani Main,Brong-Ahafo,May,6459,1452935.06,1061906.96,637243.68,536599.71,63533.64,125240.57,17,1575,61,18
GCB-031,Sunyani Main,Brong-Ahafo,June,5492,1376454.36,921101.11,289906.76,239419.38,17659.22,154866.31,21,1709,30,32
GCB-031,Sunyani Main,Brong-Ahafo,July,5376,1346139.73,1005678.2,577629.53,488128.89,37045.4,137056.78,16,1672,32,27
GCB-031,Sunyani Main,Brong-Ahafo,August,4054,826518.23,614930.08,631624.25,479707.91,44553.01,170226.89,12,1583,33,26
GCB-031,Sunyani Main,Brong-Ahafo,September,5562,963223.51,729020.07,703621.8,576619.62,56316.08,148578.49,15,1654,45,12
GCB-031,Sunyani Main,Brong-Ahafo,October,6171,1717675.95,1034364.22,704411.95,498565.43,73194.53,117972.91,15,1614,56,33
GCB-031,Sunyani Main,Brong-Ahafo,November,3842,1646954.35,1087202.32,887543.32,675135.66,58105.91,163749.15,18,1614,92,25
GCB-031,Sunyani Main,Brong-Ahafo,December,8045,1744594.05,1151156.62,400741.67,302996.03,54322.89,151006.73,20,1680,52,34
GCB-032,Techiman,Brong-Ahafo,January,2731,712971.98,481470.05,637979.3,456286.58,52459.9,114868.72,23,2467,31,25
GCB-032,Techiman,Brong-Ahafo,February,4484,971057.09,753422.57,307591.89,240588.44,42545.06,140274.58,22,2411,41,32
GCB-032,Techiman,Brong-Ahafo,March,3437,848710.0,588620.08,344425.33,272379.27,34905.16,157240.98,19,2526,53,24
GCB-032,Techiman,Brong-Ahafo,April,5666,1436301.03,898994.52,657215.8,477018.13,88094.37,96726.97,24,2481,49,10
GCB-032,Techiman,Brong-Ahafo,May,6228,1158823.67,714504.19,632027.41,503248.53,73506.93,124582.13,13,2519,38,19
GCB-032,Techiman,Brong-Ahafo,June,3233,1306889.37,921409.61,566217.43,417544.96,34064.48,106724.02,15,2412,49,22
GCB-032,Techiman,Brong-Ahafo,July,4946,1242668.19,793263.83,794359.52,556847.87,96740.34,148023.65,23,2482,68,17
GCB-032,Techiman,Brong-Ahafo,August,3328,1371925.66,918381.35,861760.28,673292.02,116485.96,111381.34,16,2575,75,31
GCB-032,Techiman,Brong-Ahafo,September,3674,1511086.51,965040.61,698996.71,541516.99,83478.38,121344.96,21,2622,50,21
GCB-032,Techiman,Brong-Ahafo,October,6309,1596862.47,1205691.1,790351.39,614031.08,75139.34,182897.55,19,2460,72,27
GCB-032,Techiman,Brong-Ahafo,November,6638,1719488.21,1248616.98,506897.76,404554.65,63600.24,96391.71,20,2637,74,21
GCB-032,Techiman,Brong-Ahafo,December,6181,759111.96,466008.3,1016041.17,765311.8,95489.3,111787.38,18,2563,54,33
GCB-033,Berekum,Brong-Ahafo,January,711,200875.54,123861.26,192943.93,118691.06,44151.39,70581.76,10,1467,5,42
GCB-033,Berekum,Brong-Ahafo,February,2110,250353.71,150380.32,210402.13,126147.5,58646.15,78198.21,12,1379,12,37
GCB-033,Berekum,Brong-Ahafo,March,2360,218353.93,157878.34,233051.44,162243.43,34095.76,97519.09,9,1403,15,36
GCB-033,Berekum,Brong-Ahafo,April,614,371778.03,236272.47,138509.1,91469.3,42734.28,57818.1,8,1455,26,27
GCB-033,Berekum,Brong-Ahafo,May,994,262183.03,145349.73,110209.22,70032.15,16543.69,80698.1,8,1464,19,40
GCB-033,Berekum,Brong-Ahafo,June,1489,361600.3,228507.6,166551.96,98971.87,28098.75,62548.93,6,1338,12,54
GCB-033,Berekum,Brong-Ahafo,July,1220,322328.27,234119.31,195799.13,130494.8,31303.92,69203.58,7,1366,25,32
GCB-033,Berekum,Brong-Ahafo,August,1210,296394.49,184172.78,120757.83,83426.08,34062.49,69914.77,8,1444,9,50
GCB-033,Berekum,Brong-Ahafo,September,2004,334473.98,208947.25,104299.75,61474.61,20583.52,101345.45,9,1322,17,57
GCB-033,Berekum,Brong-Ahafo,October,1008,218378.61,142889.47,208897.13,146299.85,42209.89,77506.94,9,1363,26,26
GCB-033,Berekum,Brong-Ahafo,November,1101,169751.2,116233.58,103020.78,68814.94,18680.52,59006.71,8,1324,14,38
GCB-033,Berekum,Brong-Ahafo,December,1257,438082.0,305115.44,183584.0,106007.22,28462.82,53585.8,8,1318,16,43
GCB-034,Sefwi Wiawso,Western North,January,848,154228.65,95753.52,60408.73,35508.34,14103.05,88426.4,9,650,22,20
GCB-034,Sefwi Wiawso,Western North,February,1762,206768.34,123407.76,79824.17,56928.74,20030.61,85285.8,7,658,4,37
GCB-034,Sefwi Wiawso,Western North,March,513,362249.6,229076.85,200718.93,117344.99,39934.92,84387.15,5,666,20,23
GCB-034,Sefwi Wiawso,Western North,April,729,126924.16,85182.3,73440.78,44602.43,12169.99,91947.28,9,639,9,28
GCB-034,Sefwi Wiawso,Western North,May,2279,448884.47,265229.35,151561.01,94161.25,21712.98,97024.07,12,628,7,26
GCB-034,Sefwi Wiawso,Western North,June,1559,407487.41,242202.4,177493.99,124221.97,48213.93,91483.15,5,670,26,56
GCB-034,Sefwi Wiawso,Western North,July,1904,389874.16,252255.96,107387.62,73513.79,23757.68,63527.18,9,674,15,50
GCB-034,Sefwi Wiawso,Western North,August,2241,268126.29,151528.88,127565.22,87586.46,38565.43,64337.65,12,620,26,48
GCB-034,Sefwi Wiawso,Western North,September,984,235756.47,155210.79,243613.16,136743.97,62534.83,57185.37,10,637,17,31
GCB-034,Sefwi Wiawso,Western North,October,803,170869.33,126188.57,58567.51,36656.57,8937.44,91684.03,5,649,27,36
GCB-034,Sefwi Wiawso,Western North,November,1236,273348.6,170541.2,70876.63,43198.64,21778.4,72823.16,12,661,25,27
GCB-034,Sefwi Wiawso,Western North,December,1610,94336.16,67063.48,245474.3,157896.74,37303.11,92883.36,6,642,10,45
GCB-035,Bibiani,Western North,January,1607,336373.68,239027.28,130561.37,74923.32,34051.49,89126.06,6,1338,9,56
GCB-035,Bibiani,Western North,February,1367,137055.72,99787.79,169996.23,119745.15,47015.65,87492.17,5,1321,6,29
GCB-035,Bibiani,Western North,March,981,320514.05,216820.79,81295.34,51262.13,21864.5,69342.63,7,1257,29,56
GCB-035,Bibiani,Western North,April,1544,327921.1,236858.31,223727.93,150599.89,61354.16,84657.78,9,1302,22,25
GCB-035,Bibiani,Western North,May,880,262158.13,167821.91,241699.57,150647.66,57737.6,82979.57,8,1303,7,27
GCB-035,Bibiani,Western North,June,1573,157345.06,103178.22,197968.86,124468.86,37638.31,89188.82,11,1322,12,58
GCB-035,Bibiani,Western North,July,1345,364781.8,260574.43,130920.22,93891.0,36868.12,95210.21,8,1307,4,53
GCB-035,Bibiani,Western North,August,2005,166442.34,106988.81,102800.87,63797.29,30832.4,97528.52,11,1286,18,48
GCB-035,Bibiani,Western North,September,1150,396090.5,251833.15,90213.03,57503.06,24584.96,76474.98,12,1286,22,39
GCB-035,Bibiani,Western North,October,1716,379972.16,270746.4,191367.57,136719.65,55266.45,100902.03,11,1314,14,39
GCB-035,Bibiani,Western North,November,2274,574852.48,343933.83,69684.2,43197.41,11387.41,53984.09,5,1237,27,59
GCB-035,Bibiani,Western North,December,1662,364575.45,223322.73,217042.08,127933.95,30947.74,92769.7,6,1264,9,33
GCB-036,Goaso,Ahafo,January,2083,115354.11,75248.62,43408.85,30799.9,9318.44,77128.42,9,723,6,25
GCB-036,Goaso,Ahafo,February,1774,294697.52,205286.51,157441.32,90297.96,38445.79,85976.36,7,755,12,35
GCB-036,Goaso,Ahafo,March,2127,234135.9,157738.62,176614.53,111228.03,38811.16,81520.7,7,752,14,55
GCB-036,Goaso,Ahafo,April,1967,469074.1,305273.78,239840.14,165868.99,49224.22,101270.27,6,695,15,30
GCB-036,Goaso,Ahafo,May,763,339765.63,190567.12,178851.34,127989.97,27286.3,84139.7,5,738,11,46
GCB-036,Goaso,Ahafo,June,1607,228832.87,135202.08,53790.98,34886.33,11915.99,105037.32,12,685,20,58
GCB-036,Goaso,Ahafo,July,1468,81249.02,47472.73,129458.54,81213.01,34102.76,102540.24,12,724,15,38
GCB-036,Goaso,Ahafo,August,1430,316376.2,226765.3,178515.52,100567.58,48788.59,58533.81,5,718,24,34
GCB-036,Goaso,Ahafo,September,1482,104487.46,62291.13,233134.45,152650.25,42974.02,90011.79,9,715,20,38
GCB-036,Goaso,Ahafo,October,1511,472358.58,324364.27,125088.22,85812.08,37429.52,59659.19,12,684,9,24
GCB-036,Goaso,Ahafo,November,2024,426595.92,286078.6,208557.98,148061.87,58326.17,59555.07,8,692,30,36
GCB-036,Goaso,Ahafo,December,2471,282559.8,193231.83,274054.34,164988.59,65591.59,94087.15,8,693,7,47
GCB-037,Kintampo,Bono East,January,1072,235471.27,142156.93,59666.28,34515.36,9935.01,108519.22,8,548,10,29
GCB-037,Kintampo,Bono East,February,916,224087.4,135723.84,178209.84,107899.49,34552.93,67516.68,9,513,9,29
GCB-037,Kintampo,Bono East,March,2046,227400.42,155723.54,62512.97,36619.23,17855.22,62576.06,6,522,28,23
GCB-037,Kintampo,Bono East,April,2388,191646.02,109183.92,215862.85,144657.22,54203.03,62816.0,7,527,14,39
GCB-037,Kintampo,Bono East,May,1915,204201.7,125040.45,50628.18,29345.18,15065.58,78027.32,9,551,14,48
GCB-037,Kintampo,Bono East,June,1193,342949.09,207958.78,112940.97,65779.47,22867.3,83396.1,6,550,19,49
GCB-037,Kintampo,Bono East,July,1725,146974.51,82157.62,69249.59,44709.92,19232.61,104161.7,9,496,23,45
GCB-037,Kintampo,Bono East,August,1560,269986.89,183918.04,161915.77,107964.89,41847.92,59715.45,9,535,20,52
GCB-037,Kintampo,Bono East,September,1899,361434.61,228870.9,152770.15,107483.07,45858.4,96782.67,12,518,17,48
GCB-037,Kintampo,Bono East,October,1461,284781.76,206159.56,130555.17,93339.11,40187.24,92339.77,6,504,10,58
GCB-037,Kintampo,Bono East,November,713,181801.21,110122.19,112490.35,65366.17,32467.86,67885.36,5,535,14,47
GCB-037,Kintampo,Bono East,December,855,367023.0,212359.59,149891.58,102767.84,30897.2,57155.37,10,514,10,58
GCB-038,Nkoranza,Bono East,January,1891,420902.23,233620.72,85449.83,54552.25,19991.12,87391.32,5,832,14,25
GCB-038,Nkoranza,Bono East,February,963,281171.28,157653.55,106510.15,62782.35,19999.05,85146.61,8,784,23,56
GCB-038,Nkoranza,Bono East,March,1568,178138.97,131769.5,238933.15,156188.23,73212.47,97433.94,5,812,9,37
GCB-038,Nkoranza,Bono East,April,1995,399603.36,275925.19,173050.73,117548.54,40204.18,92599.88,5,837,22,31
GCB-038,Nkoranza,Bono East,May,2219,371372.59,239586.41,184879.93,125661.38,27395.78,89114.02,12,777,19,53
GCB-038,Nkoranza,Bono East,June,1554,249471.53,175805.22,68705.75,45103.59,13062.66,99875.73,12,829,17,37
GCB-038,Nkoranza,Bono East,July,1368,372029.01,260698.14,85652.14,52001.23,19170.91,95195.09,7,825,11,57
GCB-038,Nkoranza,Bono East,August,555,454307.3,313074.49,172154.15,100533.38,25822.18,83850.13,11,801,5,60
GCB-038,Nkoranza,Bono East,September,885,303672.84,219038.82,217013.19,153569.47,44674.22,70172.96,12,805,23,25
GCB-038,Nkoranza,Bono East,October,1273,112566.7,68278.48,133716.46,80193.48,26716.15,68596.0,12,746,11,42
GCB-038,Nkoranza,Bono East,November,1344,381153.96,259442.62,106154.38,63720.36,26701.1,84460.34,11,780,31,41
GCB-038,Nkoranza,Bono East,December,1997,531648.07,328534.08,169348.6,112664.13,40261.59,70819.26,10,771,27,26
GCB-039,Dambai,Oti,January,1452,167292.11,96770.3,95737.74,66482.28,14936.82,109543.28,10,631,13,46
GCB-039,Dambai,Oti,February,1241,401608.84,257255.66,76243.48,44071.05,13967.66,93681.07,12,612,22,38
GCB-039,Dambai,Oti,March,1143,266339.2,195132.49,87878.68,48408.37,13253.63,103924.05,11,633,12,55
GCB-039,Dambai,Oti,April,1514,152567.8,92891.42,72959.39,51805.59,20513.05,79466.34,5,644,16,49
GCB-039,Dambai,Oti,May,1776,375091.59,270525.99,121353.74,82371.15,23434.99,70294.15,6,594,26,40
GCB-039,Dambai,Oti,June,1914,348449.47,257171.1,157098.65,109455.82,45252.11,63243.19,9,615,22,40
GCB-039,Dambai,Oti,July,712,329091.57,243521.16,71224.46,48059.43,18076.97,85007.92,6,607,9,45
GCB-039,Dambai,Oti,August,1092,96232.53,57121.87,53035.38,34411.52,8435.47,100131.62,5,612,7,54
GCB-039,Dambai,Oti,September,2008,239868.36,147605.14,52162.22,36018.73,14823.28,58801.16,12,613,27,46
GCB-039,Dambai,Oti,October,1010,125182.94,93400.7,92939.18,52178.83,22962.72,92194.71,5,578,15,32
GCB-039,Dambai,Oti,November,699,142123.74,83072.0,196313.83,117863.05,60640.72,96029.48,10,633,15,59
GCB-039,Dambai,Oti,December,1277,559012.12,355669.66,143404.51,80099.94,21438.65,88965.95,12,598,14,60
GCB-040,Nalerigu,North East,January,1815,287187.4,172476.6,140697.4,85975.33,40554.53,100138.29,5,1202,14,33
GCB-040,Nalerigu,North East,February,1465,196644.11,139842.06,98290.51,57553.03,15259.0,80345.45,9,1198,8,55
GCB-040,Nalerigu,North East,March,656,171536.89,107416.1,211681.15,146063.38,44290.05,79609.81,7,1171,7,38
GCB-040,Nalerigu,North East,April,1564,128272.42,94504.69,186773.29,119603.5,27246.23,80183.9,12,1179,10,51
GCB-040,Nalerigu,North East,May,1052,350000.96,260481.28,162437.76,109078.26,24742.7,76724.14,6,1140,23,21
GCB-040,Nalerigu,North East,June,968,427504.92,291710.35,60131.76,36698.01,14378.67,75632.9,8,1220,11,30
GCB-040,Nalerigu,North East,July,2193,302571.23,189013.7,92981.89,52813.59,18957.29,75859.1,9,1196,16,55
GCB-040,Nalerigu,North East,August,2387,106380.95,66919.13,86355.77,49797.76,24949.42,55700.79,5,1161,17,55
GCB-040,Nalerigu,North East,September,1662,303910.39,181214.51,150485.46,101480.27,47020.87,64976.55,11,1211,28,25
GCB-040,Nalerigu,North East,October,1325,448160.35,303441.7,175964.13,108841.87,48466.09,81189.21,8,1182,11,27
GCB-040,Nalerigu,North East,November,1233,306938.43,223671.84,217933.2,120161.84,67509.49,65321.23,12,1111,32,27
GCB-040,Nalerigu,North East,December,579,212795.38,152966.36,176164.94,112286.87,34444.52,82710.56,7,1131,8,51
GCB-041,Damongo,Savannah,January,1384,70277.32,52403.76,206677.03,127556.19,56031.54,74019.34,9,912,8,46
GCB-041,Damongo,Savannah,February,1535,404368.01,254769.01,175660.66,104554.6,55905.73,56191.66,12,902,22,50
GCB-041,Damongo,Savannah,March,1778,366027.3,210128.04,237705.96,138059.9,59924.63,66709.21,8,872,27,49
GCB-041,Damongo,Savannah,April,522,401169.5,231113.85,163083.99,101957.32,46233.98,93694.8,7,903,27,44
GCB-041,Damongo,Savannah,May,1119,85577.34,58393.16,170489.89,98494.27,31043.87,55403.06,8,912,17,58
GCB-041,Damongo,Savannah,June,1264,123422.73,73596.36,205787.35,145594.31,44353.95,56628.55,7,838,19,24
GCB-041,Damongo,Savannah,July,2045,220004.72,122263.33,153318.44,84619.73,43193.94,70129.31,9,835,14,46
GCB-041,Damongo,Savannah,August,2160,240110.69,178824.86,158839.73,94794.07,42521.24,67973.96,10,907,19,52
GCB-041,Damongo,Savannah,September,2332,300994.56,168591.45,135224.25,93507.81,38541.18,65182.72,9,844,25,20
GCB-041,Damongo,Savannah,October,982,453819.71,258256.17,140011.73,85038.54,41544.83,57448.49,9,839,14,39
GCB-041,Damongo,Savannah,November,1836,116978.02,75861.07,166105.69,100800.94,35052.12,80780.86,12,831,16,29
GCB-041,Damongo,Savannah,December,1771,479852.63,336871.99,96935.98,55774.29,18250.27,71565.31,12,849,24,54
GCB-042,Bole,Savannah,January,1418,88234.91,49141.07,109124.8,72951.87,19077.02,90282.75,10,1259,22,41
GCB-042,Bole,Savannah,February,1008,386210.26,235378.72,81598.94,50584.95,14956.73,91613.19,11,1327,11,49
GCB-042,Bole,Savannah,March,1796,422817.37,266120.59,81263.39,54889.49,16649.68,91184.54,10,1251,6,32
GCB-042,Bole,Savannah,April,1074,490921.74,285343.5,247684.2,177375.97,70066.7,90173.04,8,1285,23,56
GCB-042,Bole,Savannah,May,2095,272003.29,183297.03,132238.1,82341.05,26375.05,84656.23,11,1314,18,34
GCB-042,Bole,Savannah,June,831,425971.63,292990.75,197482.27,127287.67,55356.85,54773.2,11,1305,19,22
GCB-042,Bole,Savannah,July,1569,257467.4,151648.76,165985.12,113327.38,46884.73,86020.58,10,1261,21,50
GCB-042,Bole,Savannah,August,883,195264.25,111037.85,242764.63,139095.3,40619.27,101016.77,11,1310,21,44
GCB-042,Bole,Savannah,September,1118,79637.43,43822.03,125620.15,72153.35,18002.56,77946.91,7,1305,5,51
GCB-042,Bole,Savannah,October,1295,344802.64,234619.95,100216.02,66199.93,17860.51,59488.83,5,1269,13,28
GCB-042,Bole,Savannah,November,961,257303.61,166142.4,282926.29,171576.45,63307.77,53522.43,10,1187,7,26
GCB-042,Bole,Savannah,December,2536,105195.88,71141.35,162335.61,104411.78,27830.25,68140.11,12,1254,21,26
